anno,trimestre,id_empresa,empresa,ingresos,entry_id
2012,1,800135729,ERT SA ESP,1244080836,1
2012,1,800204278,METROPOLITANA DE TELECOMUNICACIONES S.A. E.S.P. (SE FUSIONA CON METROTEL S.A.),14052264110,2
2012,1,800208518,EMPRESA DE TELEFONOS DE JAMUNDI S.A. E.S.P. - TELEJAMUNDI S.A. E.S.P.,"165585465,39",3
2012,1,800224288,UNITEL S.A ESP,"1489714939,7",4
2012,1,805030753,IPSOFACTUM S.A.S.,2234340,5
2012,1,808000875,EMPRESA DE TELECOMUNICACIONES DE GIRARDOT S.A.  E.S.P.,"593199941,3",6
2012,1,815000070,TELEPALMIRA S.A. ESP,"2256053137,4",7
2012,1,815000973,BUGATEL S.A. ESP,"620063889,4",8
2012,1,816002018,EMPRESA DE TELECOMUNICACIONES DE PEREIRA S.A.,11418788753,9
2012,1,817001193,CAUCATEL S.A E. S. P,"349258987,8",10
2012,1,819002701,EMPRESA DE TELECOMUNICACIONES DE LA COSTA - COSTATEL S.A ESP,"84761453,45",11
2012,1,830122566,COLOMBIA TELECOMUNICACIONES S.A. E.S.P.,52198797278,12
2012,1,830140108,TELMEX TELECOMUNICACIONES S.A. ESP,81476953766,13
2012,1,836000099,EMPRESA DE TELEFONOS DE CARTAGO S.A.  E.S.P.   TELECARTAGO,"589187080,6",14
2012,1,844002048,EMPRESA DE TELECOMUNICACIONES DE LA ORINOQUIA S.A. E.S.P.,"156046048,35",15
2012,1,890201210,EMPRESA DE TELECOMUNICACIONES DE BUCARAMANGA S.A. E.S.P.,15147509536,16
2012,1,890399003,EMPRESAS MUNICIPALES DE CALI EICE E.S.P,31625816575,17
2012,1,890905065,EDATEL S.A.,8643963514,18
2012,1,891502163,EMPRESA DE TELECOMUNICACIONES DE POPAYAN S.A EMTEL E.S.P,"854703824,3",19
2012,1,899999115,EMPRESA DE TELECOMUNICACIONES DE BOGOTA S.A. ESP,170955984204,20
2012,1,900092385,UNE EPM TELECOMUNICACIONES S.A.,139282364683,21
2012,1,900292948,UNIMOS EMPRESA MINICIPAL DE TELECOMUNICACIONES DE IPIALES S.A. E.S.P.,"438370565,5",22
2012,2,800135729,ERT SA ESP,1179605015,23
2012,2,800204278,METROPOLITANA DE TELECOMUNICACIONES S.A. E.S.P. (SE FUSIONA CON METROTEL S.A.),14328693336,24
2012,2,800208518,EMPRESA DE TELEFONOS DE JAMUNDI S.A. E.S.P. - TELEJAMUNDI S.A. E.S.P.,"160146798,21",25
2012,2,800224288,UNITEL S.A ESP,"1456077032,6",26
2012,2,805030753,IPSOFACTUM S.A.S.,2104043,27
2012,2,808000875,EMPRESA DE TELECOMUNICACIONES DE GIRARDOT S.A.  E.S.P.,573081643,28
2012,2,815000070,TELEPALMIRA S.A. ESP,2096625211,29
2012,2,815000973,BUGATEL S.A. ESP,"620063889,4",30
2012,2,816002018,EMPRESA DE TELECOMUNICACIONES DE PEREIRA S.A.,11220513694,31
2012,2,817001193,CAUCATEL S.A E. S. P,327222159,32
2012,2,819002701,EMPRESA DE TELECOMUNICACIONES DE LA COSTA - COSTATEL S.A ESP,"84213045,93",33
2012,2,830053800,TELMEX COLOMBIA S.A.,86202859942,34
2012,2,830122566,COLOMBIA TELECOMUNICACIONES S.A. E.S.P.,52505115534,35
2012,2,836000099,EMPRESA DE TELEFONOS DE CARTAGO S.A.  E.S.P.   TELECARTAGO,"575595619,3",36
2012,2,844002048,EMPRESA DE TELECOMUNICACIONES DE LA ORINOQUIA S.A. E.S.P.,16284407,37
2012,2,890201210,EMPRESA DE TELECOMUNICACIONES DE BUCARAMANGA S.A. E.S.P.,14369838603,38
2012,2,890399003,EMPRESAS MUNICIPALES DE CALI EICE E.S.P,30043787590,39
2012,2,890905065,EDATEL S.A.,8291290994,40
2012,2,891502163,EMPRESA DE TELECOMUNICACIONES DE POPAYAN S.A EMTEL E.S.P,"680555366,5",41
2012,2,899999115,EMPRESA DE TELECOMUNICACIONES DE BOGOTA S.A. ESP,171684630804,42
2012,2,900092385,UNE EPM TELECOMUNICACIONES S.A.,136585772533,43
2012,2,900292948,UNIMOS EMPRESA MINICIPAL DE TELECOMUNICACIONES DE IPIALES S.A. E.S.P.,"436058013,5",44
2012,3,800135729,ERT SA ESP,1091785122,45
2012,3,800204278,METROPOLITANA DE TELECOMUNICACIONES S.A. E.S.P. (SE FUSIONA CON METROTEL S.A.),13630002064,46
2012,3,800208518,EMPRESA DE TELEFONOS DE JAMUNDI S.A. E.S.P. - TELEJAMUNDI S.A. E.S.P.,"124282339,48",47
2012,3,800224288,UNITEL S.A ESP,"1397593185,3",48
2012,3,805030753,IPSOFACTUM S.A.S.,2005970,49
2012,3,808000875,EMPRESA DE TELECOMUNICACIONES DE GIRARDOT S.A.  E.S.P.,"550139662,9",50
2012,3,815000070,TELEPALMIRA S.A. ESP,"1900410924,2",51
2012,3,815000973,BUGATEL S.A. ESP,"536842203,4",52
2012,3,816002018,EMPRESA DE TELECOMUNICACIONES DE PEREIRA S.A.,10840341879,53
2012,3,817001193,CAUCATEL S.A E. S. P,"293296634,72",54
2012,3,819002701,EMPRESA DE TELECOMUNICACIONES DE LA COSTA - COSTATEL S.A ESP,"79640777,19",55
2012,3,830122566,COLOMBIA TELECOMUNICACIONES S.A. E.S.P.,54261876009,56
2012,3,830140108,TELMEX TELECOMUNICACIONES S.A. ESP,91669532120,57
2012,3,836000099,EMPRESA DE TELEFONOS DE CARTAGO S.A.  E.S.P.   TELECARTAGO,"538884607,9",58
2012,3,844002048,EMPRESA DE TELECOMUNICACIONES DE LA ORINOQUIA S.A. E.S.P.,164815535,59
2012,3,890201210,EMPRESA DE TELECOMUNICACIONES DE BUCARAMANGA S.A. E.S.P.,14094347991,60
2012,3,890399003,EMPRESAS MUNICIPALES DE CALI EICE E.S.P,29778871525,61
2012,3,890905065,EDATEL S.A.,8316895754,62
2012,3,899999115,EMPRESA DE TELECOMUNICACIONES DE BOGOTA S.A. ESP,164454245548,63
2012,3,900092385,UNE EPM TELECOMUNICACIONES S.A.,135990579258,64
2012,3,900245890,GRUPO TELINTEL S. A. EMPRESA DE SERVICIOS PÚBLICOS - GRUPO TELINTEL S. A.  E. S. P.,"1714031,9",65
2012,3,900292948,UNIMOS EMPRESA MINICIPAL DE TELECOMUNICACIONES DE IPIALES S.A. E.S.P.,"417159056,1",66
2012,4,800135729,ERT SA ESP,993669922,67
2012,4,800204278,METROPOLITANA DE TELECOMUNICACIONES S.A. E.S.P. (SE FUSIONA CON METROTEL S.A.),14723748833,68
2012,4,800208518,EMPRESA DE TELEFONOS DE JAMUNDI S.A. E.S.P. - TELEJAMUNDI S.A. E.S.P.,"113880671,91",69
2012,4,800224288,UNITEL S.A ESP,1238744824,70
2012,4,805030753,IPSOFACTUM S.A.S.,1780216,71
2012,4,808000875,EMPRESA DE TELECOMUNICACIONES DE GIRARDOT S.A.  E.S.P.,"526132440,9",72
2012,4,815000070,TELEPALMIRA S.A. ESP,1875190107,73
2012,4,815000973,BUGATEL S.A. ESP,"546015568,1",74
2012,4,816002018,EMPRESA DE TELECOMUNICACIONES DE PEREIRA S.A.,10811076525,75
2012,4,817001193,CAUCATEL S.A E. S. P,"314605466,3",76
2012,4,819002701,EMPRESA DE TELECOMUNICACIONES DE LA COSTA - COSTATEL S.A ESP,"96629142,37",77
2012,4,830122566,COLOMBIA TELECOMUNICACIONES S.A. E.S.P.,52151736470,78
2012,4,830140108,TELMEX TELECOMUNICACIONES S.A. ESP,96139732761,79
2012,4,836000099,EMPRESA DE TELEFONOS DE CARTAGO S.A.  E.S.P.   TELECARTAGO,"550222312,8",80
2012,4,844002048,EMPRESA DE TELECOMUNICACIONES DE LA ORINOQUIA S.A. E.S.P.,135485000,81
2012,4,890201210,EMPRESA DE TELECOMUNICACIONES DE BUCARAMANGA S.A. E.S.P.,13756788799,82
2012,4,890399003,EMPRESAS MUNICIPALES DE CALI EICE E.S.P,27106705603,83
2012,4,890905065,EDATEL S.A.,9279085410,84
2012,4,891502163,EMPRESA DE TELECOMUNICACIONES DE POPAYAN S.A EMTEL E.S.P,"714678281,1",85
2012,4,899999115,EMPRESA DE TELECOMUNICACIONES DE BOGOTA S.A. ESP,157611741361,86
2012,4,900092385,UNE EPM TELECOMUNICACIONES S.A.,138735750529,87
2012,4,900245890,GRUPO TELINTEL S. A. EMPRESA DE SERVICIOS PÚBLICOS - GRUPO TELINTEL S. A.  E. S. P.,1072665,88
2012,4,900292948,UNIMOS EMPRESA MINICIPAL DE TELECOMUNICACIONES DE IPIALES S.A. E.S.P.,"403615554,4",89
2013,1,800135729,ERT SA ESP,992261910,90
2013,1,800204278,METROPOLITANA DE TELECOMUNICACIONES S.A. E.S.P. (SE FUSIONA CON METROTEL S.A.),6826838812,91
2013,1,800208518,EMPRESA DE TELEFONOS DE JAMUNDI S.A. E.S.P. - TELEJAMUNDI S.A. E.S.P.,"97889705,92",92
2013,1,800224288,UNITEL S.A ESP,"1092097381,9",93
2013,1,805030753,IPSOFACTUM S.A.S.,1776325,94
2013,1,808000875,EMPRESA DE TELECOMUNICACIONES DE GIRARDOT S.A.  E.S.P.,"459427889,8",95
2013,1,815000070,TELEPALMIRA S.A. ESP,"1781484498,2",96
2013,1,815000973,BUGATEL S.A. ESP,"521198751,4",97
2013,1,816002018,EMPRESA DE TELECOMUNICACIONES DE PEREIRA S.A.,10560797787,98
2013,1,817001193,CAUCATEL S.A E. S. P,"280214015,78",99
2013,1,819002701,EMPRESA DE TELECOMUNICACIONES DE LA COSTA - COSTATEL S.A ESP,"92511379,17",100
2013,1,830122566,COLOMBIA TELECOMUNICACIONES S.A. E.S.P.,49425102257,101
2013,1,830140108,TELMEX TELECOMUNICACIONES S.A. ESP,100571479818,102
2013,1,836000099,EMPRESA DE TELEFONOS DE CARTAGO S.A.  E.S.P.   TELECARTAGO,"530638110,3",103
2013,1,844002048,EMPRESA DE TELECOMUNICACIONES DE LA ORINOQUIA S.A. E.S.P.,149414141,104
2013,1,890201210,EMPRESA DE TELECOMUNICACIONES DE BUCARAMANGA S.A. E.S.P.,14180499348,105
2013,1,890399003,EMPRESAS MUNICIPALES DE CALI EICE E.S.P,26364921695,106
2013,1,890905065,EDATEL S.A.,9263931405,107
2013,1,891502163,EMPRESA DE TELECOMUNICACIONES DE POPAYAN S.A EMTEL E.S.P,"752559153,2",108
2013,1,899999115,EMPRESA DE TELECOMUNICACIONES DE BOGOTA S.A. ESP,162726020045,109
2013,1,900092385,UNE EPM TELECOMUNICACIONES S.A.,146039183733,110
2013,1,900245890,GRUPO TELINTEL S. A. EMPRESA DE SERVICIOS PÚBLICOS - GRUPO TELINTEL S. A.  E. S. P.,"6306374,66",111
2013,1,900292948,UNIMOS EMPRESA MINICIPAL DE TELECOMUNICACIONES DE IPIALES S.A. E.S.P.,"403615554,4",112
2013,2,800135729,ERT SA ESP,"921214994,9",113
2013,2,800204278,METROPOLITANA DE TELECOMUNICACIONES S.A. E.S.P. (SE FUSIONA CON METROTEL S.A.),11640825908,114
2013,2,800208518,EMPRESA DE TELEFONOS DE JAMUNDI S.A. E.S.P. - TELEJAMUNDI S.A. E.S.P.,89679399,115
2013,2,800224288,UNITEL S.A ESP,1035827616,116
2013,2,805030753,IPSOFACTUM S.A.S.,1703331,117
2013,2,808000875,EMPRESA DE TELECOMUNICACIONES DE GIRARDOT S.A.  E.S.P.,468582851,118
2013,2,815000070,TELEPALMIRA S.A. ESP,1547673092,119
2013,2,815000973,BUGATEL S.A. ESP,503796564,120
2013,2,817001193,CAUCATEL S.A E. S. P,278919114,121
2013,2,819002701,EMPRESA DE TELECOMUNICACIONES DE LA COSTA - COSTATEL S.A ESP,"76442070,54",122
2013,2,830122566,COLOMBIA TELECOMUNICACIONES S.A. E.S.P.,49709520096,123
2013,2,830140108,TELMEX TELECOMUNICACIONES S.A. ESP,104377269780,124
2013,2,836000099,EMPRESA DE TELEFONOS DE CARTAGO S.A.  E.S.P.   TELECARTAGO,513599435,125
2013,2,844002048,EMPRESA DE TELECOMUNICACIONES DE LA ORINOQUIA S.A. E.S.P.,151577770,126
2013,2,890201210,EMPRESA DE TELECOMUNICACIONES DE BUCARAMANGA S.A. E.S.P.,13755194768,127
2013,2,890399003,EMPRESAS MUNICIPALES DE CALI EICE E.S.P,24083986817,128
2013,2,890905065,EDATEL S.A.,"9938412936,2",129
2013,2,891502163,EMPRESA DE TELECOMUNICACIONES DE POPAYAN S.A EMTEL E.S.P,"637786866,3",130
2013,2,899999115,EMPRESA DE TELECOMUNICACIONES DE BOGOTA S.A. ESP,159874570507,131
2013,2,900092385,UNE EPM TELECOMUNICACIONES S.A.,144931226343,132
2013,2,900245890,GRUPO TELINTEL S. A. EMPRESA DE SERVICIOS PÚBLICOS - GRUPO TELINTEL S. A.  E. S. P.,"1183534,12",133
2013,2,900292948,UNIMOS EMPRESA MINICIPAL DE TELECOMUNICACIONES DE IPIALES S.A. E.S.P.,393942356,134
2013,3,800135729,ERT SA ESP,"960900392,1",135
2013,3,800204278,METROPOLITANA DE TELECOMUNICACIONES S.A. E.S.P. (SE FUSIONA CON METROTEL S.A.),12156462008,136
2013,3,800208518,EMPRESA DE TELEFONOS DE JAMUNDI S.A. E.S.P. - TELEJAMUNDI S.A. E.S.P.,"86632739,53",137
2013,3,800224288,UNITEL S.A ESP,966593710,138
2013,3,805030753,IPSOFACTUM S.A.S.,1806561,139
2013,3,808000875,EMPRESA DE TELECOMUNICACIONES DE GIRARDOT S.A.  E.S.P.,"470229716,2",140
2013,3,815000070,TELEPALMIRA S.A. ESP,"1502609717,4",141
2013,3,815000973,BUGATEL S.A. ESP,"479158999,4",142
2013,3,816002018,EMPRESA DE TELECOMUNICACIONES DE PEREIRA S.A.,10146209810,143
2013,3,817001193,CAUCATEL S.A E. S. P,"272143658,76",144
2013,3,830122566,COLOMBIA TELECOMUNICACIONES S.A. E.S.P.,50698057630,145
2013,3,830130125,CELLVOZ COLOMBIA SERVICIOS INTEGRALES S A E S P,"34168093,96",146
2013,3,830140108,TELMEX TELECOMUNICACIONES S.A. ESP,106247464678,147
2013,3,836000099,EMPRESA DE TELEFONOS DE CARTAGO S.A.  E.S.P.   TELECARTAGO,"498752620,7",148
2013,3,844002048,EMPRESA DE TELECOMUNICACIONES DE LA ORINOQUIA S.A. E.S.P.,134361791,149
2013,3,890201210,EMPRESA DE TELECOMUNICACIONES DE BUCARAMANGA S.A. E.S.P.,14037851185,150
2013,3,890399003,EMPRESAS MUNICIPALES DE CALI EICE E.S.P,23415626211,151
2013,3,890905065,EDATEL S.A.,"9857068658,5",152
2013,3,891502163,EMPRESA DE TELECOMUNICACIONES DE POPAYAN S.A EMTEL E.S.P,"622101223,5",153
2013,3,899999115,EMPRESA DE TELECOMUNICACIONES DE BOGOTA S.A. ESP,158284900042,154
2013,3,900092385,UNE EPM TELECOMUNICACIONES S.A.,146441772206,155
2013,3,900245890,GRUPO TELINTEL S. A. EMPRESA DE SERVICIOS PÚBLICOS - GRUPO TELINTEL S. A.  E. S. P.,"71919895,28",156
2013,3,900292948,UNIMOS EMPRESA MINICIPAL DE TELECOMUNICACIONES DE IPIALES S.A. E.S.P.,364705864,157
2013,4,800135729,ERT SA ESP,902280424,158
2013,4,800204278,METROPOLITANA DE TELECOMUNICACIONES S.A. E.S.P. (SE FUSIONA CON METROTEL S.A.),7929854956,159
2013,4,800208518,EMPRESA DE TELEFONOS DE JAMUNDI S.A. E.S.P. - TELEJAMUNDI S.A. E.S.P.,"71188613,88",160
2013,4,800224288,UNITEL S.A ESP,"820134667,4",161
2013,4,800229393,METROTEL S.A,4233057783,162
2013,4,808000875,EMPRESA DE TELECOMUNICACIONES DE GIRARDOT S.A.  E.S.P.,"455023895,6",163
2013,4,815000070,TELEPALMIRA S.A. ESP,"1409905781,4",164
2013,4,815000973,BUGATEL S.A. ESP,"452319897,9",165
2013,4,816002018,EMPRESA DE TELECOMUNICACIONES DE PEREIRA S.A.,10146209810,166
2013,4,817001193,CAUCATEL S.A E. S. P,"257133148,55",167
2013,4,819002701,EMPRESA DE TELECOMUNICACIONES DE LA COSTA - COSTATEL S.A ESP,"76487515,58",168
2013,4,830122566,COLOMBIA TELECOMUNICACIONES S.A. E.S.P.,51225077298,169
2013,4,830130125,CELLVOZ COLOMBIA SERVICIOS INTEGRALES S A E S P,36328444,170
2013,4,830140108,TELMEX TELECOMUNICACIONES S.A. ESP,106129319736,171
2013,4,836000099,EMPRESA DE TELEFONOS DE CARTAGO S.A.  E.S.P.   TELECARTAGO,"478851882,5",172
2013,4,844002048,EMPRESA DE TELECOMUNICACIONES DE LA ORINOQUIA S.A. E.S.P.,146585698,173
2013,4,890201210,EMPRESA DE TELECOMUNICACIONES DE BUCARAMANGA S.A. E.S.P.,13505300462,174
2013,4,890399003,EMPRESAS MUNICIPALES DE CALI EICE E.S.P,"22520965027,17",175
2013,4,890905065,EDATEL S.A.,"9315959708,5",176
2013,4,891502163,EMPRESA DE TELECOMUNICACIONES DE POPAYAN S.A EMTEL E.S.P,"602934495,7",177
2013,4,899999115,EMPRESA DE TELECOMUNICACIONES DE BOGOTA S.A. ESP,160772252083,178
2013,4,900092385,UNE EPM TELECOMUNICACIONES S.A.,146400159411,179
2013,4,900245890,GRUPO TELINTEL S. A. EMPRESA DE SERVICIOS PÚBLICOS - GRUPO TELINTEL S. A.  E. S. P.,"59483707,32",180
2013,4,900292948,UNIMOS EMPRESA MINICIPAL DE TELECOMUNICACIONES DE IPIALES S.A. E.S.P.,400666374,181
2014,1,800135729,ERT SA ESP,915259219,182
2014,1,800208518,EMPRESA DE TELEFONOS DE JAMUNDI S.A. E.S.P. - TELEJAMUNDI S.A. E.S.P.,"80141033,05",183
2014,1,800224288,UNITEL S.A ESP,"864772996,6",184
2014,1,800229393,METROTEL S.A,11806566569,185
2014,1,805030753,IPSOFACTUM S.A.S.,2031011,186
2014,1,808000875,EMPRESA DE TELECOMUNICACIONES DE GIRARDOT S.A.  E.S.P.,"447121508,7",187
2014,1,815000973,BUGATEL S.A. ESP,"456862415,6",188
2014,1,816002018,EMPRESA DE TELECOMUNICACIONES DE PEREIRA S.A.,10527842486,189
2014,1,817001193,CAUCATEL S.A E. S. P,"253445186,92",190
2014,1,819002701,EMPRESA DE TELECOMUNICACIONES DE LA COSTA - COSTATEL S.A ESP,"82393267,53",191
2014,1,830062000,GILAT COLOMBIA S. A. - E. S. P.,288118569,192
2014,1,830122566,COLOMBIA TELECOMUNICACIONES S.A. E.S.P.,51418912530,193
2014,1,830130125,CELLVOZ COLOMBIA SERVICIOS INTEGRALES S A E S P,29363566,194
2014,1,830140108,TELMEX TELECOMUNICACIONES S.A. ESP,107228689678,195
2014,1,836000099,EMPRESA DE TELEFONOS DE CARTAGO S.A.  E.S.P.   TELECARTAGO,"470513041,6",196
2014,1,844002048,EMPRESA DE TELECOMUNICACIONES DE LA ORINOQUIA S.A. E.S.P.,149144186,197
2014,1,890201210,EMPRESA DE TELECOMUNICACIONES DE BUCARAMANGA S.A. E.S.P.,14331085521,198
2014,1,890399003,EMPRESAS MUNICIPALES DE CALI EICE E.S.P,21468851850,199
2014,1,890905065,EDATEL S.A.,9081627543,200
2014,1,891502163,EMPRESA DE TELECOMUNICACIONES DE POPAYAN S.A EMTEL E.S.P,"602596705,3",201
2014,1,899999115,EMPRESA DE TELECOMUNICACIONES DE BOGOTA S.A. ESP,151270965425,202
2014,1,900092385,UNE EPM TELECOMUNICACIONES S.A.,148376704120,203
2014,1,900245890,GRUPO TELINTEL S. A. EMPRESA DE SERVICIOS PÚBLICOS - GRUPO TELINTEL S. A.  E. S. P.,"75219786,42",204
2014,1,900292948,UNIMOS EMPRESA MINICIPAL DE TELECOMUNICACIONES DE IPIALES S.A. E.S.P.,363910497,205
2014,2,800135729,ERT SA ESP,770702788,206
2014,2,800208518,EMPRESA DE TELEFONOS DE JAMUNDI S.A. E.S.P. - TELEJAMUNDI S.A. E.S.P.,67065507,207
2014,2,800224288,UNITEL S.A ESP,779187373,208
2014,2,805030753,IPSOFACTUM S.A.S.,1717505,209
2014,2,808000875,EMPRESA DE TELECOMUNICACIONES DE GIRARDOT S.A.  E.S.P.,437300358,210
2014,2,815000070,TELEPALMIRA S.A. ESP,1308617368,211
2014,2,815000973,BUGATEL S.A. ESP,437804035,212
2014,2,816002018,EMPRESA DE TELECOMUNICACIONES DE PEREIRA S.A.,10444817347,213
2014,2,817001193,CAUCATEL S.A E. S. P,242793031,214
2014,2,819002701,EMPRESA DE TELECOMUNICACIONES DE LA COSTA - COSTATEL S.A ESP,"129335043,98",215
2014,2,830062000,GILAT COLOMBIA S. A. - E. S. P.,303079534,216
2014,2,830122566,COLOMBIA TELECOMUNICACIONES S.A. E.S.P.,54575590200,217
2014,2,830130125,CELLVOZ COLOMBIA SERVICIOS INTEGRALES S A E S P,20746503,218
2014,2,830140108,TELMEX TELECOMUNICACIONES S.A. ESP,108855516039,219
2014,2,836000099,EMPRESA DE TELEFONOS DE CARTAGO S.A.  E.S.P.   TELECARTAGO,459436767,220
2014,2,844002048,EMPRESA DE TELECOMUNICACIONES DE LA ORINOQUIA S.A. E.S.P.,153505468,221
2014,2,890201210,EMPRESA DE TELECOMUNICACIONES DE BUCARAMANGA S.A. E.S.P.,13721050950,222
2014,2,890399003,EMPRESAS MUNICIPALES DE CALI EICE E.S.P,"20422747796,04",223
2014,2,890905065,EDATEL S.A.,"8782399782,3",224
2014,2,891502163,EMPRESA DE TELECOMUNICACIONES DE POPAYAN S.A EMTEL E.S.P,"632119799,6",225
2014,2,899999115,EMPRESA DE TELECOMUNICACIONES DE BOGOTA S.A. ESP,144593789051,226
2014,2,900092385,UNE EPM TELECOMUNICACIONES S.A.,146008742421,227
2014,2,900245890,GRUPO TELINTEL S. A. EMPRESA DE SERVICIOS PÚBLICOS - GRUPO TELINTEL S. A.  E. S. P.,77340129,228
2014,2,900292948,UNIMOS EMPRESA MINICIPAL DE TELECOMUNICACIONES DE IPIALES S.A. E.S.P.,354436265,229
2014,3,800135729,ERT SA ESP,536887195,230
2014,3,800208518,EMPRESA DE TELEFONOS DE JAMUNDI S.A. E.S.P. - TELEJAMUNDI S.A. E.S.P.,68949150,231
2014,3,800224288,UNITEL S.A ESP,722334935,232
2014,3,800229393,METROTEL S.A,10849571828,233
2014,3,805030753,IPSOFACTUM S.A.S.,1622100,234
2014,3,808000875,EMPRESA DE TELECOMUNICACIONES DE GIRARDOT S.A.  E.S.P.,424077930,235
2014,3,815000070,TELEPALMIRA S.A. ESP,1244637908,236
2014,3,815000973,BUGATEL S.A. ESP,422675897,237
2014,3,816002018,EMPRESA DE TELECOMUNICACIONES DE PEREIRA S.A.,10110084209,238
2014,3,817001193,CAUCATEL S.A E. S. P,236635513,239
2014,3,819002701,EMPRESA DE TELECOMUNICACIONES DE LA COSTA - COSTATEL S.A ESP,"127745551,6",240
2014,3,830053800,TELMEX COLOMBIA S.A.,107048354310,241
2014,3,830062000,GILAT COLOMBIA S. A. - E. S. P.,249771382,242
2014,3,830122566,COLOMBIA TELECOMUNICACIONES S.A. E.S.P.,52478072910,243
2014,3,830130125,CELLVOZ COLOMBIA SERVICIOS INTEGRALES S A E S P,23129146,244
2014,3,836000099,EMPRESA DE TELEFONOS DE CARTAGO S.A.  E.S.P.   TELECARTAGO,445965408,245
2014,3,844002048,EMPRESA DE TELECOMUNICACIONES DE LA ORINOQUIA S.A. E.S.P.,148592695,246
2014,3,890201210,EMPRESA DE TELECOMUNICACIONES DE BUCARAMANGA S.A. E.S.P.,13291619732,247
2014,3,890399003,EMPRESAS MUNICIPALES DE CALI EICE E.S.P,"19303548836,42",248
2014,3,890905065,EDATEL S.A.,9157501620,249
2014,3,891502163,EMPRESA DE TELECOMUNICACIONES DE POPAYAN S.A EMTEL E.S.P,"574242782,3",250
2014,3,899999115,EMPRESA DE TELECOMUNICACIONES DE BOGOTA S.A. ESP,134611060621,251
2014,3,900092385,UNE EPM TELECOMUNICACIONES S.A.,142447026966,252
2014,3,900245890,GRUPO TELINTEL S. A. EMPRESA DE SERVICIOS PÚBLICOS - GRUPO TELINTEL S. A.  E. S. P.,93761548,253
2014,3,900292948,UNIMOS EMPRESA MINICIPAL DE TELECOMUNICACIONES DE IPIALES S.A. E.S.P.,"339689182,3",254
2014,4,800135729,ERT SA ESP,823581174,255
2014,4,800208518,EMPRESA DE TELEFONOS DE JAMUNDI S.A. E.S.P. - TELEJAMUNDI S.A. E.S.P.,62791986,256
2014,4,800224288,UNITEL S.A ESP,632162033,257
2014,4,800229393,METROTEL S.A,11707788770,258
2014,4,805030753,IPSOFACTUM S.A.S.,1386000,259
2014,4,808000875,EMPRESA DE TELECOMUNICACIONES DE GIRARDOT S.A.  E.S.P.,412779417,260
2014,4,815000070,TELEPALMIRA S.A. ESP,1293418963,261
2014,4,815000973,BUGATEL S.A. ESP,389373236,262
2014,4,816002018,EMPRESA DE TELECOMUNICACIONES DE PEREIRA S.A.,9752570340,263
2014,4,817001193,CAUCATEL S.A E. S. P,225441497,264
2014,4,819002701,EMPRESA DE TELECOMUNICACIONES DE LA COSTA - COSTATEL S.A ESP,"90970890,17",265
2014,4,830053800,TELMEX COLOMBIA S.A.,111035258094,266
2014,4,830062000,GILAT COLOMBIA S. A. - E. S. P.,387119389,267
2014,4,830122566,COLOMBIA TELECOMUNICACIONES S.A. E.S.P.,48980405689,268
2014,4,830130125,CELLVOZ COLOMBIA SERVICIOS INTEGRALES S A E S P,20186170,269
2014,4,836000099,EMPRESA DE TELEFONOS DE CARTAGO S.A.  E.S.P.   TELECARTAGO,425889905,270
2014,4,844002048,EMPRESA DE TELECOMUNICACIONES DE LA ORINOQUIA S.A. E.S.P.,125367163,271
2014,4,890201210,EMPRESA DE TELECOMUNICACIONES DE BUCARAMANGA S.A. E.S.P.,13350621622,272
2014,4,890399003,EMPRESAS MUNICIPALES DE CALI EICE E.S.P,"19005918284,5",273
2014,4,890905065,EDATEL S.A.,9558527487,274
2014,4,891502163,EMPRESA DE TELECOMUNICACIONES DE POPAYAN S.A EMTEL E.S.P,563810898,275
2014,4,899999115,EMPRESA DE TELECOMUNICACIONES DE BOGOTA S.A. ESP,137223049254,276
2014,4,900092385,UNE EPM TELECOMUNICACIONES S.A.,141814660010,277
2014,4,900245890,GRUPO TELINTEL S. A. EMPRESA DE SERVICIOS PÚBLICOS - GRUPO TELINTEL S. A.  E. S. P.,97481235,278
2014,4,900292948,UNIMOS EMPRESA MINICIPAL DE TELECOMUNICACIONES DE IPIALES S.A. E.S.P.,"320867691,3",279
2015,1,800135729,ERT SA ESP,802259737,280
2015,1,800208518,EMPRESA DE TELEFONOS DE JAMUNDI S.A. E.S.P. - TELEJAMUNDI S.A. E.S.P.,61548274,281
2015,1,800224288,UNITEL S.A ESP,860484341,282
2015,1,800229393,METROTEL S.A,11362680319,283
2015,1,805030753,IPSOFACTUM S.A.S.,1280083,284
2015,1,808000875,EMPRESA DE TELECOMUNICACIONES DE GIRARDOT S.A.  E.S.P.,493675268,285
2015,1,815000070,TELEPALMIRA S.A. ESP,1433555313,286
2015,1,815000973,BUGATEL S.A. ESP,487031412,287
2015,1,816002018,EMPRESA DE TELECOMUNICACIONES DE PEREIRA S.A.,10340080095,288
2015,1,817001193,CAUCATEL S.A E. S. P,267227859,289
2015,1,819002701,EMPRESA DE TELECOMUNICACIONES DE LA COSTA - COSTATEL S.A ESP,"77564934,62",290
2015,1,830053800,TELMEX COLOMBIA S.A.,114552217817,291
2015,1,830062000,GILAT COLOMBIA S. A. - E. S. P.,161816760,292
2015,1,830122566,COLOMBIA TELECOMUNICACIONES S.A. E.S.P.,45435557757,293
2015,1,830130125,CELLVOZ COLOMBIA SERVICIOS INTEGRALES S A E S P,16975686,294
2015,1,836000099,EMPRESA DE TELEFONOS DE CARTAGO S.A.  E.S.P.   TELECARTAGO,548315549,295
2015,1,844002048,EMPRESA DE TELECOMUNICACIONES DE LA ORINOQUIA S.A. E.S.P.,120641441,296
2015,1,890201210,EMPRESA DE TELECOMUNICACIONES DE BUCARAMANGA S.A. E.S.P.,14993150494,297
2015,1,890399003,EMPRESAS MUNICIPALES DE CALI EICE E.S.P,18193137425,298
2015,1,890905065,EDATEL S.A.,8655903384,299
2015,1,891502163,EMPRESA DE TELECOMUNICACIONES DE POPAYAN S.A EMTEL E.S.P,546666329,300
2015,1,899999115,EMPRESA DE TELECOMUNICACIONES DE BOGOTA S.A. ESP,139466821639,301
2015,1,900092385,UNE EPM TELECOMUNICACIONES S.A.,144942238337,302
2015,1,900245890,GRUPO TELINTEL S. A. EMPRESA DE SERVICIOS PÚBLICOS - GRUPO TELINTEL S. A.  E. S. P.,91493102,303
2015,1,900292948,UNIMOS EMPRESA MINICIPAL DE TELECOMUNICACIONES DE IPIALES S.A. E.S.P.,330878583,304
2015,2,800135729,ERT SA ESP,789266402,305
2015,2,800208518,EMPRESA DE TELEFONOS DE JAMUNDI S.A. E.S.P. - TELEJAMUNDI S.A. E.S.P.,49642876,306
2015,2,800224288,UNITEL S.A ESP,828609708,307
2015,2,800229393,METROTEL S.A,11242635499,308
2015,2,805030753,IPSOFACTUM S.A.S.,1328713,309
2015,2,808000875,EMPRESA DE TELECOMUNICACIONES DE GIRARDOT S.A.  E.S.P.,425178735,310
2015,2,815000070,TELEPALMIRA S.A. ESP,1318713835,311
2015,2,815000973,BUGATEL S.A. ESP,470839379,312
2015,2,816002018,EMPRESA DE TELECOMUNICACIONES DE PEREIRA S.A.,10101139844,313
2015,2,817001193,CAUCATEL S.A E. S. P,251844183,314
2015,2,819002701,EMPRESA DE TELECOMUNICACIONES DE LA COSTA - COSTATEL S.A ESP,"75533998,8",315
2015,2,830053800,TELMEX COLOMBIA S.A.,115838646750,316
2015,2,830062000,GILAT COLOMBIA S. A. - E. S. P.,287615889,317
2015,2,830122566,COLOMBIA TELECOMUNICACIONES S.A. E.S.P.,47649736605,318
2015,2,830130125,CELLVOZ COLOMBIA SERVICIOS INTEGRALES S A E S P,13962595,319
2015,2,836000099,EMPRESA DE TELEFONOS DE CARTAGO S.A.  E.S.P.   TELECARTAGO,518910741,320
2015,2,844002048,EMPRESA DE TELECOMUNICACIONES DE LA ORINOQUIA S.A. E.S.P.,114478069,321
2015,2,890201210,EMPRESA DE TELECOMUNICACIONES DE BUCARAMANGA S.A. E.S.P.,14642536510,322
2015,2,890399003,EMPRESAS MUNICIPALES DE CALI EICE E.S.P,17578452892,323
2015,2,890905065,EDATEL S.A.,9772536858,324
2015,2,891502163,EMPRESA DE TELECOMUNICACIONES DE POPAYAN S.A EMTEL E.S.P,"532092343,6",325
2015,2,899999115,EMPRESA DE TELECOMUNICACIONES DE BOGOTA S.A. ESP,133127313938,326
2015,2,900022836,@NY PHONE SA ESP,9893035,327
2015,2,900092385,UNE EPM TELECOMUNICACIONES S.A.,138181858535,328
2015,2,900245890,GRUPO TELINTEL S. A. EMPRESA DE SERVICIOS PÚBLICOS - GRUPO TELINTEL S. A.  E. S. P.,84428840,329
2015,2,900292948,UNIMOS EMPRESA MINICIPAL DE TELECOMUNICACIONES DE IPIALES S.A. E.S.P.,329876939,330
2015,3,800135729,ERT SA ESP,784920173,331
2015,3,800208518,EMPRESA DE TELEFONOS DE JAMUNDI S.A. E.S.P. - TELEJAMUNDI S.A. E.S.P.,50299447,332
2015,3,800224288,UNITEL S.A ESP,792567856,333
2015,3,800229393,METROTEL S.A,11047618541,334
2015,3,805030753,IPSOFACTUM S.A.S.,1427342,335
2015,3,808000875,EMPRESA DE TELECOMUNICACIONES DE GIRARDOT S.A.  E.S.P.,465045795,336
2015,3,815000070,TELEPALMIRA S.A. ESP,995067550,337
2015,3,815000973,BUGATEL S.A. ESP,451180550,338
2015,3,816002018,EMPRESA DE TELECOMUNICACIONES DE PEREIRA S.A.,9546563737,339
2015,3,817001193,CAUCATEL S.A E. S. P,242160492,340
2015,3,819002701,EMPRESA DE TELECOMUNICACIONES DE LA COSTA - COSTATEL S.A ESP,"78974602,17",341
2015,3,830053800,TELMEX COLOMBIA S.A.,119414887608,342
2015,3,830062000,GILAT COLOMBIA S. A. - E. S. P.,484451171,343
2015,3,830122566,COLOMBIA TELECOMUNICACIONES S.A. E.S.P.,109320923510,344
2015,3,830130125,CELLVOZ COLOMBIA SERVICIOS INTEGRALES S A E S P,16069614,345
2015,3,836000099,EMPRESA DE TELEFONOS DE CARTAGO S.A.  E.S.P.   TELECARTAGO,435231757,346
2015,3,844002048,EMPRESA DE TELECOMUNICACIONES DE LA ORINOQUIA S.A. E.S.P.,105141524,347
2015,3,890201210,EMPRESA DE TELECOMUNICACIONES DE BUCARAMANGA S.A. E.S.P.,14131294137,348
2015,3,890399003,EMPRESAS MUNICIPALES DE CALI EICE E.S.P,17477495437,349
2015,3,890905065,EDATEL S.A.,9199043928,350
2015,3,891502163,EMPRESA DE TELECOMUNICACIONES DE POPAYAN S.A EMTEL E.S.P,"520618838,8",351
2015,3,899999115,EMPRESA DE TELECOMUNICACIONES DE BOGOTA S.A. ESP,127124950674,352
2015,3,900022836,@NY PHONE SA ESP,10405379,353
2015,3,900092385,UNE EPM TELECOMUNICACIONES S.A.,136568520658,354
2015,3,900245890,GRUPO TELINTEL S. A. EMPRESA DE SERVICIOS PÚBLICOS - GRUPO TELINTEL S. A.  E. S. P.,79783461,355
2015,3,900292948,UNIMOS EMPRESA MINICIPAL DE TELECOMUNICACIONES DE IPIALES S.A. E.S.P.,319374604,356
2015,4,800135729,ERT SA ESP,768226547,357
2015,4,800208518,EMPRESA DE TELEFONOS DE JAMUNDI S.A. E.S.P. - TELEJAMUNDI S.A. E.S.P.,39833228,358
2015,4,800224288,UNITEL S.A ESP,1035827618,359
2015,4,800229393,METROTEL S.A,11255310334,360
2015,4,805030753,IPSOFACTUM S.A.S.,1210272,361
2015,4,808000875,EMPRESA DE TELECOMUNICACIONES DE GIRARDOT S.A.  E.S.P.,426392185,362
2015,4,815000070,TELEPALMIRA S.A. ESP,1284595332,363
2015,4,815000973,BUGATEL S.A. ESP,424142523,364
2015,4,816002018,EMPRESA DE TELECOMUNICACIONES DE PEREIRA S.A.,9067376902,365
2015,4,817001193,CAUCATEL S.A E. S. P,229264614,366
2015,4,819002701,EMPRESA DE TELECOMUNICACIONES DE LA COSTA - COSTATEL S.A ESP,"77789777,52",367
2015,4,830053800,TELMEX COLOMBIA S.A.,120849209579,368
2015,4,830062000,GILAT COLOMBIA S. A. - E. S. P.,342847427,369
2015,4,830122566,COLOMBIA TELECOMUNICACIONES S.A. E.S.P.,108739511933,370
2015,4,830130125,CELLVOZ COLOMBIA SERVICIOS INTEGRALES S A E S P,17672078,371
2015,4,836000099,EMPRESA DE TELEFONOS DE CARTAGO S.A.  E.S.P.   TELECARTAGO,470612754,372
2015,4,844002048,EMPRESA DE TELECOMUNICACIONES DE LA ORINOQUIA S.A. E.S.P.,132771658,373
2015,4,890201210,EMPRESA DE TELECOMUNICACIONES DE BUCARAMANGA S.A. E.S.P.,15229403521,374
2015,4,890399003,EMPRESAS MUNICIPALES DE CALI EICE E.S.P,"16242878759,56",375
2015,4,890905065,EDATEL S.A.,8931417757,376
2015,4,891502163,EMPRESA DE TELECOMUNICACIONES DE POPAYAN S.A EMTEL E.S.P,"389818217,3",377
2015,4,899999115,EMPRESA DE TELECOMUNICACIONES DE BOGOTA S.A. ESP,122561770511,378
2015,4,900022836,@NY PHONE SA ESP,7170758,379
2015,4,900092385,UNE EPM TELECOMUNICACIONES S.A.,132896903170,380
2015,4,900292948,UNIMOS EMPRESA MINICIPAL DE TELECOMUNICACIONES DE IPIALES S.A. E.S.P.,328194145,381
2016,1,800135729,ERT SA ESP,723249481,382
2016,1,800208518,EMPRESA DE TELEFONOS DE JAMUNDI S.A. E.S.P. - TELEJAMUNDI S.A. E.S.P.,26448701,383
2016,1,800224288,UNITEL S.A ESP,736048222,384
2016,1,800229393,METROTEL S.A,11478878926,385
2016,1,805030753,IPSOFACTUM S.A.S.,915465,386
2016,1,808000875,EMPRESA DE TELECOMUNICACIONES DE GIRARDOT S.A.  E.S.P.,420115913,387
2016,1,815000070,TELEPALMIRA S.A. ESP,1408048016,388
2016,1,815000973,BUGATEL S.A. ESP,436290938,389
2016,1,816002018,EMPRESA DE TELECOMUNICACIONES DE PEREIRA S.A.,9172665549,390
2016,1,817001193,CAUCATEL S.A E. S. P,232741440,391
2016,1,819002701,EMPRESA DE TELECOMUNICACIONES DE LA COSTA - COSTATEL S.A ESP,"69264881,54",392
2016,1,830016046,AVANTEL S.A.S,6e+05,393
2016,1,830053800,TELMEX COLOMBIA S.A.,123693526515,394
2016,1,830062000,GILAT COLOMBIA S. A. - E. S. P.,264393832,395
2016,1,830122566,COLOMBIA TELECOMUNICACIONES S.A. E.S.P.,102278408202,396
2016,1,830130125,CELLVOZ COLOMBIA SERVICIOS INTEGRALES S A E S P,28584179,397
2016,1,836000099,EMPRESA DE TELEFONOS DE CARTAGO S.A.  E.S.P.   TELECARTAGO,474222582,398
2016,1,844002048,EMPRESA DE TELECOMUNICACIONES DE LA ORINOQUIA S.A. E.S.P.,81069073,399
2016,1,890201210,EMPRESA DE TELECOMUNICACIONES DE BUCARAMANGA S.A. E.S.P.,14353878443,400
2016,1,890399003,EMPRESAS MUNICIPALES DE CALI EICE E.S.P,"16401136492,49",401
2016,1,890905065,EDATEL S.A.,9140130835,402
2016,1,891502163,EMPRESA DE TELECOMUNICACIONES DE POPAYAN S.A EMTEL E.S.P,"518171431,1",403
2016,1,899999115,EMPRESA DE TELECOMUNICACIONES DE BOGOTA S.A. ESP,122618990436,404
2016,1,900092385,UNE EPM TELECOMUNICACIONES S.A.,130279219725,405
2016,1,900245890,GRUPO TELINTEL S. A. EMPRESA DE SERVICIOS PÚBLICOS - GRUPO TELINTEL S. A.  E. S. P.,68911324,406
2016,1,900292948,UNIMOS EMPRESA MINICIPAL DE TELECOMUNICACIONES DE IPIALES S.A. E.S.P.,322147214,407
2016,2,800135729,ERT SA ESP,731766642,408
2016,2,800208518,EMPRESA DE TELEFONOS DE JAMUNDI S.A. E.S.P. - TELEJAMUNDI S.A. E.S.P.,"28958667,57",409
2016,2,800224288,UNITEL S.A ESP,707511716,410
2016,2,800229393,METROTEL S.A,10949679624,411
2016,2,805030753,IPSOFACTUM S.A.S.,923714,412
2016,2,808000875,EMPRESA DE TELECOMUNICACIONES DE GIRARDOT S.A.  E.S.P.,"413830025,9",413
2016,2,815000070,TELEPALMIRA S.A. ESP,1209682635,414
2016,2,815000973,BUGATEL S.A. ESP,"413084219,4",415
2016,2,816002018,EMPRESA DE TELECOMUNICACIONES DE PEREIRA S.A.,8966402498,416
2016,2,817001193,CAUCATEL S.A E. S. P,"228308929,56",417
2016,2,819002701,EMPRESA DE TELECOMUNICACIONES DE LA COSTA - COSTATEL S.A ESP,"71732047,38",418
2016,2,830016046,AVANTEL S.A.S,9871125,419
2016,2,830053800,TELMEX COLOMBIA S.A.,126210046268,420
2016,2,830062000,GILAT COLOMBIA S. A. - E. S. P.,295495516,421
2016,2,830122566,COLOMBIA TELECOMUNICACIONES S.A. E.S.P.,99830513182,422
2016,2,830130125,CELLVOZ COLOMBIA SERVICIOS INTEGRALES S A E S P,83650832,423
2016,2,836000099,EMPRESA DE TELEFONOS DE CARTAGO S.A.  E.S.P.   TELECARTAGO,"456135925,5",424
2016,2,844002048,EMPRESA DE TELECOMUNICACIONES DE LA ORINOQUIA S.A. E.S.P.,71567572,425
2016,2,890201210,EMPRESA DE TELECOMUNICACIONES DE BUCARAMANGA S.A. E.S.P.,14802269750,426
2016,2,890399003,EMPRESAS MUNICIPALES DE CALI EICE E.S.P,"15706953182,23",427
2016,2,890905065,EDATEL S.A.,8733494504,428
2016,2,891502163,EMPRESA DE TELECOMUNICACIONES DE POPAYAN S.A EMTEL E.S.P,"484618808,8",429
2016,2,899999115,EMPRESA DE TELECOMUNICACIONES DE BOGOTA S.A. ESP,120103721203,430
2016,2,900092385,UNE EPM TELECOMUNICACIONES S.A.,124680253207,431
2016,2,900245890,GRUPO TELINTEL S. A. EMPRESA DE SERVICIOS PÚBLICOS - GRUPO TELINTEL S. A.  E. S. P.,56510814,432
2016,2,900292948,UNIMOS EMPRESA MINICIPAL DE TELECOMUNICACIONES DE IPIALES S.A. E.S.P.,542589903,433
2016,3,800135729,ERT SA ESP,732137843,434
2016,3,800208518,EMPRESA DE TELEFONOS DE JAMUNDI S.A. E.S.P. - TELEJAMUNDI S.A. E.S.P.,"26763406,39",435
2016,3,800224288,UNITEL S.A ESP,"698778701,2",436
2016,3,800229393,METROTEL S.A,10674678670,437
2016,3,805030753,IPSOFACTUM S.A.S.,816215,438
2016,3,808000875,EMPRESA DE TELECOMUNICACIONES DE GIRARDOT S.A.  E.S.P.,"399251149,7",439
2016,3,815000070,TELEPALMIRA S.A. ESP,1053401058,440
2016,3,815000973,BUGATEL S.A. ESP,"368187954,72",441
2016,3,816002018,EMPRESA DE TELECOMUNICACIONES DE PEREIRA S.A.,8822198906,442
2016,3,817001193,CAUCATEL S.A E. S. P,"223315987,19",443
2016,3,819002701,EMPRESA DE TELECOMUNICACIONES DE LA COSTA - COSTATEL S.A ESP,"74655890,45",444
2016,3,830016046,AVANTEL S.A.S,25855000,445
2016,3,830053800,TELMEX COLOMBIA S.A.,129991173777,446
2016,3,830062000,GILAT COLOMBIA S. A. - E. S. P.,448481292,447
2016,3,830122566,COLOMBIA TELECOMUNICACIONES S.A. E.S.P.,100980015266,448
2016,3,830130125,CELLVOZ COLOMBIA SERVICIOS INTEGRALES S A E S P,105636114,449
2016,3,836000099,EMPRESA DE TELEFONOS DE CARTAGO S.A.  E.S.P.   TELECARTAGO,"483814914,2",450
2016,3,844002048,EMPRESA DE TELECOMUNICACIONES DE LA ORINOQUIA S.A. E.S.P.,68149268,451
2016,3,890201210,EMPRESA DE TELECOMUNICACIONES DE BUCARAMANGA S.A. E.S.P.,13146059391,452
2016,3,890399003,EMPRESAS MUNICIPALES DE CALI EICE E.S.P,"15337405905,13",453
2016,3,890905065,EDATEL S.A.,7901039566,454
2016,3,891502163,EMPRESA DE TELECOMUNICACIONES DE POPAYAN S.A EMTEL E.S.P,507141529,455
2016,3,899999115,EMPRESA DE TELECOMUNICACIONES DE BOGOTA S.A. ESP,120733757041,456
2016,3,900092385,UNE EPM TELECOMUNICACIONES S.A.,119101369837,457
2016,3,900292948,UNIMOS EMPRESA MINICIPAL DE TELECOMUNICACIONES DE IPIALES S.A. E.S.P.,505016222,458
2016,3,900688637,KIERO IP TELECOMUNICACIONES SAS,9094699,459
2016,4,800135729,ERT SA ESP,635573330,460
2016,4,800229393,METROTEL S.A,10508723941,461
2016,4,805030753,IPSOFACTUM S.A.S.,2075424,462
2016,4,816002018,EMPRESA DE TELECOMUNICACIONES DE PEREIRA S.A.,9145298513,463
2016,4,819002701,EMPRESA DE TELECOMUNICACIONES DE LA COSTA - COSTATEL S.A ESP,"73165353,13",464
2016,4,830053800,TELMEX COLOMBIA S.A.,132974511765,465
2016,4,830062000,GILAT COLOMBIA S. A. - E. S. P.,563297208,466
2016,4,830122566,COLOMBIA TELECOMUNICACIONES S.A. E.S.P.,96499410734,467
2016,4,830130125,CELLVOZ COLOMBIA SERVICIOS INTEGRALES S A E S P,164520104,468
2016,4,836000099,EMPRESA DE TELEFONOS DE CARTAGO S.A.  E.S.P.   TELECARTAGO,"447957308,8",469
2016,4,844002048,EMPRESA DE TELECOMUNICACIONES DE LA ORINOQUIA S.A. E.S.P.,70991666,470
2016,4,890201210,EMPRESA DE TELECOMUNICACIONES DE BUCARAMANGA S.A. E.S.P.,14258552394,471
2016,4,890399003,EMPRESAS MUNICIPALES DE CALI EICE E.S.P,"16765787698,15",472
2016,4,890905065,EDATEL S.A.,7845351865,473
2016,4,891502163,EMPRESA DE TELECOMUNICACIONES DE POPAYAN S.A EMTEL E.S.P,"491501781,4",474
2016,4,899999115,EMPRESA DE TELECOMUNICACIONES DE BOGOTA S.A. ESP,117252333516,475
2016,4,900092385,UNE EPM TELECOMUNICACIONES S.A.,123440051031,476
2016,4,900292948,UNIMOS EMPRESA MINICIPAL DE TELECOMUNICACIONES DE IPIALES S.A. E.S.P.,257198953,477
2016,4,900688637,KIERO IP TELECOMUNICACIONES SAS,12049987,478
2017,1,800135729,ERT SA ESP,615472277,479
2017,1,800229393,METROTEL S.A,8843971540,480
2017,1,805030753,IPSOFACTUM S.A.S.,897672,481
2017,1,819002701,EMPRESA DE TELECOMUNICACIONES DE LA COSTA - COSTATEL S.A ESP,"70720138,45",482
2017,1,830016046,AVANTEL S.A.S,215000,483
2017,1,830053800,TELMEX COLOMBIA S.A.,137351879388,484
2017,1,830062000,GILAT COLOMBIA S. A. - E. S. P.,66393766,485
2017,1,830122566,COLOMBIA TELECOMUNICACIONES S.A. E.S.P.,95731660084,486
2017,1,830130125,CELLVOZ COLOMBIA SERVICIOS INTEGRALES S A E S P,96823845,487
2017,1,836000099,EMPRESA DE TELEFONOS DE CARTAGO S.A.  E.S.P.   TELECARTAGO,"430149647,2",488
2017,1,844002048,EMPRESA DE TELECOMUNICACIONES DE LA ORINOQUIA S.A. E.S.P.,53472491,489
2017,1,890201210,EMPRESA DE TELECOMUNICACIONES DE BUCARAMANGA S.A. E.S.P.,12941713458,490
2017,1,890399003,EMPRESAS MUNICIPALES DE CALI EICE E.S.P,14647973415,491
2017,1,890905065,EDATEL S.A.,7632136243,492
2017,1,891502163,EMPRESA DE TELECOMUNICACIONES DE POPAYAN S.A EMTEL E.S.P,"466324389,4",493
2017,1,899999115,EMPRESA DE TELECOMUNICACIONES DE BOGOTA S.A. ESP,118271733896,494
2017,1,900092385,UNE EPM TELECOMUNICACIONES S.A.,131136413934,495
2017,1,900292948,UNIMOS EMPRESA MINICIPAL DE TELECOMUNICACIONES DE IPIALES S.A. E.S.P.,224568401,496
2017,1,900688637,KIERO IP TELECOMUNICACIONES SAS,9184514,497
2017,2,800135729,ERT SA ESP,783467748,498
2017,2,800229393,METROTEL S.A,9572347787,499
2017,2,805030753,IPSOFACTUM S.A.S.,577886,500
2017,2,819002701,EMPRESA DE TELECOMUNICACIONES DE LA COSTA - COSTATEL S.A ESP,158626494,501
2017,2,830016046,AVANTEL S.A.S,0,502
2017,2,830053800,TELMEX COLOMBIA S.A.,140346109683,503
2017,2,830062000,GILAT COLOMBIA S. A. - E. S. P.,316868377,504
2017,2,830106715,SISTEMAS SATELITALES DE COLOMBIA S.A  ESP,0,505
2017,2,830122566,COLOMBIA TELECOMUNICACIONES S.A. E.S.P.,88156540693,506
2017,2,830130125,CELLVOZ COLOMBIA SERVICIOS INTEGRALES S A E S P,"92843703,4",507
2017,2,844002048,EMPRESA DE TELECOMUNICACIONES DE LA ORINOQUIA S.A. E.S.P.,52708475,508
2017,2,890201210,EMPRESA DE TELECOMUNICACIONES DE BUCARAMANGA S.A. E.S.P.,"13400511363,42",509
2017,2,890399003,EMPRESAS MUNICIPALES DE CALI EICE E.S.P,"15609478827,15",510
2017,2,890905065,EDATEL S.A.,7578543325,511
2017,2,891502163,EMPRESA DE TELECOMUNICACIONES DE POPAYAN S.A EMTEL E.S.P,1016176444,512
2017,2,899999115,EMPRESA DE TELECOMUNICACIONES DE BOGOTA S.A. ESP,"114237013669,71",513
2017,2,900092385,UNE EPM TELECOMUNICACIONES S.A.,126907067484,514
2017,2,900292948,UNIMOS EMPRESA MINICIPAL DE TELECOMUNICACIONES DE IPIALES S.A. E.S.P.,246660088,515
2017,2,900688637,KIERO IP TELECOMUNICACIONES SAS,9574698,516
2017,3,800135729,ERT SA ESP,772737950,517
2017,3,800229393,METROTEL S.A,9903842681,518
2017,3,805030753,IPSOFACTUM S.A.S.,535865,519
2017,3,819002701,EMPRESA DE TELECOMUNICACIONES DE LA COSTA - COSTATEL S.A ESP,88478576,520
2017,3,830016046,AVANTEL S.A.S,3400000,521
2017,3,830053800,TELMEX COLOMBIA S.A.,142708310452,522
2017,3,830062000,GILAT COLOMBIA S. A. - E. S. P.,338391359,523
2017,3,830106715,SISTEMAS SATELITALES DE COLOMBIA S.A  ESP,0,524
2017,3,830122566,COLOMBIA TELECOMUNICACIONES S.A. E.S.P.,85682370940,525
2017,3,830130125,CELLVOZ COLOMBIA SERVICIOS INTEGRALES S A E S P,"85098079,81",526
2017,3,844002048,EMPRESA DE TELECOMUNICACIONES DE LA ORINOQUIA S.A. E.S.P.,45528380,527
2017,3,890201210,EMPRESA DE TELECOMUNICACIONES DE BUCARAMANGA S.A. E.S.P.,"11372036466,62",528
2017,3,890399003,EMPRESAS MUNICIPALES DE CALI EICE E.S.P,"13636705041,99",529
2017,3,890905065,EDATEL S.A.,7417786505,530
2017,3,891502163,EMPRESA DE TELECOMUNICACIONES DE POPAYAN S.A EMTEL E.S.P,979822989,531
2017,3,899999115,EMPRESA DE TELECOMUNICACIONES DE BOGOTA S.A. ESP,"112292604542,94",532
2017,3,900092385,UNE EPM TELECOMUNICACIONES S.A.,125070412434,533
2017,3,900292948,UNIMOS EMPRESA MINICIPAL DE TELECOMUNICACIONES DE IPIALES S.A. E.S.P.,376609045,534
2017,4,800135729,ERT SA ESP,825404978,535
2017,4,800229393,METROTEL S.A,9592514745,536
2017,4,805030753,IPSOFACTUM S.A.S.,528749,537
2017,4,819002701,EMPRESA DE TELECOMUNICACIONES DE LA COSTA - COSTATEL S.A ESP,91697997,538
2017,4,830016046,AVANTEL S.A.S,10392820,539
2017,4,830053800,TELMEX COLOMBIA S.A.,145884705478,540
2017,4,830062000,GILAT COLOMBIA S. A. - E. S. P.,536711450,541
2017,4,830106715,SISTEMAS SATELITALES DE COLOMBIA S.A  ESP,0,542
2017,4,830122566,COLOMBIA TELECOMUNICACIONES S.A. E.S.P.,82388157626,543
2017,4,830130125,CELLVOZ COLOMBIA SERVICIOS INTEGRALES S A E S P,"79315623,26",544
2017,4,844002048,EMPRESA DE TELECOMUNICACIONES DE LA ORINOQUIA S.A. E.S.P.,45011579,545
2017,4,890201210,EMPRESA DE TELECOMUNICACIONES DE BUCARAMANGA S.A. E.S.P.,"11394402697,09",546
2017,4,890399003,EMPRESAS MUNICIPALES DE CALI EICE E.S.P,"13764573114,25",547
2017,4,890905065,EDATEL S.A.,7262858739,548
2017,4,891502163,EMPRESA DE TELECOMUNICACIONES DE POPAYAN S.A EMTEL E.S.P,914088704,549
2017,4,899999115,EMPRESA DE TELECOMUNICACIONES DE BOGOTA S.A. ESP,"111482504427,26",550
2017,4,900092385,UNE EPM TELECOMUNICACIONES S.A.,127226049532,551
2017,4,900292948,UNIMOS EMPRESA MINICIPAL DE TELECOMUNICACIONES DE IPIALES S.A. E.S.P.,279428996,552
2018,1,800135729,ERT SA ESP,836135872,553
2018,1,800229393,METROTEL S.A,7999757992,554
2018,1,805030753,IPSOFACTUM S.A.S.,399827,555
2018,1,819002701,EMPRESA DE TELECOMUNICACIONES DE LA COSTA - COSTATEL S.A ESP,106537753,556
2018,1,830016046,AVANTEL S.A.S,6998154,557
2018,1,830053800,TELMEX COLOMBIA S.A.,148594803671,558
2018,1,830062000,GILAT COLOMBIA S. A. - E. S. P.,398685456,559
2018,1,830106715,SISTEMAS SATELITALES DE COLOMBIA S.A  ESP,0,560
2018,1,830122566,COLOMBIA TELECOMUNICACIONES S.A. E.S.P.,79576777887,561
2018,1,830130125,CELLVOZ COLOMBIA SERVICIOS INTEGRALES S A E S P,"87165430,29",562
2018,1,844002048,EMPRESA DE TELECOMUNICACIONES DE LA ORINOQUIA S.A. E.S.P.,34613659,563
2018,1,890201210,EMPRESA DE TELECOMUNICACIONES DE BUCARAMANGA S.A. E.S.P.,"11059649307,42",564
2018,1,890399003,EMPRESAS MUNICIPALES DE CALI EICE E.S.P,"13947783879,54",565
2018,1,890905065,EDATEL S.A.,7340143381,566
2018,1,891502163,EMPRESA DE TELECOMUNICACIONES DE POPAYAN S.A EMTEL E.S.P,876310574,567
2018,1,899999115,EMPRESA DE TELECOMUNICACIONES DE BOGOTA S.A. ESP,"105291654578,41",568
2018,1,900092385,UNE EPM TELECOMUNICACIONES S.A.,138074464406,569
2018,1,900292948,UNIMOS EMPRESA MINICIPAL DE TELECOMUNICACIONES DE IPIALES S.A. E.S.P.,268295955,570
2018,1,900650791,ARIA TEL SAS E S P,23123000,571
2018,2,800135729,ERT SA ESP,885438869,572
2018,2,800229393,METROTEL S.A,"8076510635,8",573
2018,2,805030753,IPSOFACTUM S.A.S.,293146,574
2018,2,819002701,EMPRESA DE TELECOMUNICACIONES DE LA COSTA - COSTATEL S.A ESP,100342854,575
2018,2,830016046,AVANTEL S.A.S,6993696,576
2018,2,830053800,TELMEX COLOMBIA S.A.,153043246733,577
2018,2,830062000,GILAT COLOMBIA S. A. - E. S. P.,396817352,578
2018,2,830106715,SISTEMAS SATELITALES DE COLOMBIA S.A  ESP,10020823,579
2018,2,830122566,COLOMBIA TELECOMUNICACIONES S.A. E.S.P.,79202468315,580
2018,2,830130125,CELLVOZ COLOMBIA SERVICIOS INTEGRALES S A E S P,86918332,581
2018,2,844002048,EMPRESA DE TELECOMUNICACIONES DE LA ORINOQUIA S.A. E.S.P.,35304210,582
2018,2,890201210,EMPRESA DE TELECOMUNICACIONES DE BUCARAMANGA S.A. E.S.P.,"10711171897,87",583
2018,2,890399003,EMPRESAS MUNICIPALES DE CALI EICE E.S.P,"13007048476,49",584
2018,2,890905065,EDATEL S.A.,6987054924,585
2018,2,891502163,EMPRESA DE TELECOMUNICACIONES DE POPAYAN S.A EMTEL E.S.P,889625643,586
2018,2,899999115,EMPRESA DE TELECOMUNICACIONES DE BOGOTA S.A. ESP,"108522528439,81",587
2018,2,900092385,UNE EPM TELECOMUNICACIONES S.A.,143854267433,588
2018,2,900292948,UNIMOS EMPRESA MINICIPAL DE TELECOMUNICACIONES DE IPIALES S.A. E.S.P.,258659163,589
2018,2,900650791,ARIA TEL SAS E S P,73121853,590
2018,3,800135729,ERT SA ESP,859863997,591
2018,3,800229393,METROTEL S.A,7683309826,592
2018,3,805030753,IPSOFACTUM S.A.S.,219568,593
2018,3,819002701,EMPRESA DE TELECOMUNICACIONES DE LA COSTA - COSTATEL S.A ESP,86090779,594
2018,3,830016046,AVANTEL S.A.S,6882195,595
2018,3,830053800,TELMEX COLOMBIA S.A.,158388180827,596
2018,3,830062000,GILAT COLOMBIA S. A. - E. S. P.,431572063,597
2018,3,830106715,SISTEMAS SATELITALES DE COLOMBIA S.A  ESP,45630624,598
2018,3,830122566,COLOMBIA TELECOMUNICACIONES S.A. E.S.P.,80816245295,599
2018,3,830130125,CELLVOZ COLOMBIA SERVICIOS INTEGRALES S A E S P,"93108442,18",600
2018,3,844002048,EMPRESA DE TELECOMUNICACIONES DE LA ORINOQUIA S.A. E.S.P.,29193377,601
2018,3,890201210,EMPRESA DE TELECOMUNICACIONES DE BUCARAMANGA S.A. E.S.P.,"11091339072,68",602
2018,3,890399003,EMPRESAS MUNICIPALES DE CALI EICE E.S.P,"12630103329,99",603
2018,3,890905065,EDATEL S.A.,8464390159,604
2018,3,891502163,EMPRESA DE TELECOMUNICACIONES DE POPAYAN S.A EMTEL E.S.P,845882426,605
2018,3,899999115,EMPRESA DE TELECOMUNICACIONES DE BOGOTA S.A. ESP,105973534918,606
2018,3,900092385,UNE EPM TELECOMUNICACIONES S.A.,145748068327,607
2018,3,900292948,UNIMOS EMPRESA MINICIPAL DE TELECOMUNICACIONES DE IPIALES S.A. E.S.P.,257419707,608
2018,3,900650791,ARIA TEL SAS E S P,96590789,609
2018,4,800135729,ERT SA ESP,884344675,610
2018,4,800229393,METROTEL S.A,7372867918,611
2018,4,805030753,IPSOFACTUM S.A.S.,129439,612
2018,4,819002701,EMPRESA DE TELECOMUNICACIONES DE LA COSTA - COSTATEL S.A ESP,83816777,613
2018,4,830016046,AVANTEL S.A.S,3347805,614
2018,4,830053800,TELMEX COLOMBIA S.A.,161083741138,615
2018,4,830062000,GILAT COLOMBIA S. A. - E. S. P.,409393535,616
2018,4,830106715,SISTEMAS SATELITALES DE COLOMBIA S.A  ESP,58673961,617
2018,4,830122566,COLOMBIA TELECOMUNICACIONES S.A. E.S.P.,89485971815,618
2018,4,830130125,CELLVOZ COLOMBIA SERVICIOS INTEGRALES S A E S P,"159191649,15",619
2018,4,844002048,EMPRESA DE TELECOMUNICACIONES DE LA ORINOQUIA S.A. E.S.P.,26924657,620
2018,4,890201210,EMPRESA DE TELECOMUNICACIONES DE BUCARAMANGA S.A. E.S.P.,10197428596,621
2018,4,890399003,EMPRESAS MUNICIPALES DE CALI EICE E.S.P,"11472026571,8",622
2018,4,890905065,EDATEL S.A.,7281118238,623
2018,4,891502163,EMPRESA DE TELECOMUNICACIONES DE POPAYAN S.A EMTEL E.S.P,810627120,624
2018,4,899999115,EMPRESA DE TELECOMUNICACIONES DE BOGOTA S.A. ESP,"108522528439,81",625
2018,4,900092385,UNE EPM TELECOMUNICACIONES S.A.,143252225085,626
2018,4,900292948,UNIMOS EMPRESA MINICIPAL DE TELECOMUNICACIONES DE IPIALES S.A. E.S.P.,263908946,627
2018,4,900650791,ARIA TEL SAS E S P,287727808,628
2019,1,800135729,ERT SA ESP,752494528,629
2019,1,800229393,METROTEL S.A,6433675287,630
2019,1,805030753,IPSOFACTUM S.A.S.,92590,631
2019,1,819002701,EMPRESA DE TELECOMUNICACIONES DE LA COSTA - COSTATEL S.A ESP,83234229,632
2019,1,830016046,AVANTEL S.A.S,3450000,633
2019,1,830053800,TELMEX COLOMBIA S.A.,164628165165,634
2019,1,830062000,GILAT COLOMBIA S. A. - E. S. P.,498473353,635
2019,1,830106715,SISTEMAS SATELITALES DE COLOMBIA S.A  ESP,66207121,636
2019,1,830122566,COLOMBIA TELECOMUNICACIONES S.A. E.S.P.,72464128341,637
2019,1,844002048,EMPRESA DE TELECOMUNICACIONES DE LA ORINOQUIA S.A. E.S.P.,24983848,638
2019,1,890201210,EMPRESA DE TELECOMUNICACIONES DE BUCARAMANGA S.A. E.S.P.,9606608362,639
2019,1,890399003,EMPRESAS MUNICIPALES DE CALI EICE E.S.P,"12864931124,41",640
2019,1,890905065,EDATEL S.A.,7132283707,641
2019,1,891502163,EMPRESA DE TELECOMUNICACIONES DE POPAYAN S.A EMTEL E.S.P,782420980,642
2019,1,899999115,EMPRESA DE TELECOMUNICACIONES DE BOGOTA S.A. ESP,"102527509328,16",643
2019,1,900092385,UNE EPM TELECOMUNICACIONES S.A.,129044244441,644
2019,1,900292948,UNIMOS EMPRESA MINICIPAL DE TELECOMUNICACIONES DE IPIALES S.A. E.S.P.,254630174,645
2019,1,900650791,ARIA TEL SAS E S P,352424668,646
2019,2,800135729,ERT SA ESP,742794130,647
2019,2,800153993,COMUNICACION CELULAR S A COMCEL S A,170604777483,648
2019,2,800229393,METROTEL S.A,6172675176,649
2019,2,805030753,IPSOFACTUM S.A.S.,67758,650
2019,2,819002701,EMPRESA DE TELECOMUNICACIONES DE LA COSTA - COSTATEL S.A ESP,64321141,651
2019,2,830016046,AVANTEL S.A.S,4451040,652
2019,2,830062000,GILAT COLOMBIA S. A. - E. S. P.,"174530056,26",653
2019,2,830106715,SISTEMAS SATELITALES DE COLOMBIA S.A  ESP,83345659,654
2019,2,830122566,COLOMBIA TELECOMUNICACIONES S.A. E.S.P.,70690192640,655
2019,2,844002048,EMPRESA DE TELECOMUNICACIONES DE LA ORINOQUIA S.A. E.S.P.,20879074,656
2019,2,890201210,EMPRESA DE TELECOMUNICACIONES DE BUCARAMANGA S.A. E.S.P.,9452829228,657
2019,2,890399003,EMPRESAS MUNICIPALES DE CALI EICE E.S.P,"11548908666,78",658
2019,2,890905065,EDATEL S.A.,6528889333,659
2019,2,891502163,EMPRESA DE TELECOMUNICACIONES DE POPAYAN S.A EMTEL E.S.P,749357121,660
2019,2,899999115,EMPRESA DE TELECOMUNICACIONES DE BOGOTA S.A. ESP,"100354391337,5",661
2019,2,900092385,UNE EPM TELECOMUNICACIONES S.A.,127616849398,662
2019,2,900292948,UNIMOS EMPRESA MINICIPAL DE TELECOMUNICACIONES DE IPIALES S.A. E.S.P.,234460961,663
2019,2,900650791,ARIA TEL SAS E S P,347927820,664
2019,3,800135729,ERT SA ESP,862193280,665
2019,3,800153993,COMUNICACION CELULAR S A COMCEL S A,172874039247,666
2019,3,800229393,METROTEL S.A,5962972524,667
2019,3,805030753,IPSOFACTUM S.A.S.,64008,668
2019,3,819002701,EMPRESA DE TELECOMUNICACIONES DE LA COSTA - COSTATEL S.A ESP,59025314,669
2019,3,830016046,AVANTEL S.A.S,3450000,670
2019,3,830062000,GILAT COLOMBIA S. A. - E. S. P.,103182,671
2019,3,830106715,SISTEMAS SATELITALES DE COLOMBIA S.A  ESP,94039738,672
2019,3,830122566,COLOMBIA TELECOMUNICACIONES S.A. E.S.P.,65833920826,673
2019,3,844002048,EMPRESA DE TELECOMUNICACIONES DE LA ORINOQUIA S.A. E.S.P.,21219000,674
2019,3,890201210,EMPRESA DE TELECOMUNICACIONES DE BUCARAMANGA S.A. E.S.P.,9232407368,675
2019,3,890399003,EMPRESAS MUNICIPALES DE CALI EICE E.S.P,"11360409782,31",676
2019,3,890905065,EDATEL S.A.,6003047898,677
2019,3,891502163,EMPRESA DE TELECOMUNICACIONES DE POPAYAN S.A EMTEL E.S.P,714578700,678
2019,3,899999115,EMPRESA DE TELECOMUNICACIONES DE BOGOTA S.A. ESP,"95881452484,24",679
2019,3,900092385,UNE EPM TELECOMUNICACIONES S.A.,125415810762,680
2019,3,900292948,UNIMOS EMPRESA MINICIPAL DE TELECOMUNICACIONES DE IPIALES S.A. E.S.P.,237500215,681
2019,3,900650791,ARIA TEL SAS E S P,418799946,682
2019,3,901246743,PHONIX NETWORK S.A.S.,601000,683
2019,4,800135729,ERT SA ESP,600840666,684
2019,4,800153993,COMUNICACION CELULAR S A COMCEL S A,175036182868,685
2019,4,800229393,METROTEL S.A,5339500320,686
2019,4,805030753,IPSOFACTUM S.A.S.,118060,687
2019,4,819002701,EMPRESA DE TELECOMUNICACIONES DE LA COSTA - COSTATEL S.A ESP,60023339,688
2019,4,830016046,AVANTEL S.A.S,3450000,689
2019,4,830106715,SISTEMAS SATELITALES DE COLOMBIA S.A  ESP,101242072,690
2019,4,830122566,COLOMBIA TELECOMUNICACIONES S.A. E.S.P.,72472588744,691
2019,4,844002048,EMPRESA DE TELECOMUNICACIONES DE LA ORINOQUIA S.A. E.S.P.,0,692
2019,4,890201210,EMPRESA DE TELECOMUNICACIONES DE BUCARAMANGA S.A. E.S.P.,"8110535051,82",693
2019,4,890399003,EMPRESAS MUNICIPALES DE CALI EICE E.S.P,"8805583921,49",694
2019,4,890905065,EDATEL S.A.,9032355403,695
2019,4,891502163,EMPRESA DE TELECOMUNICACIONES DE POPAYAN S.A EMTEL E.S.P,688085165,696
2019,4,899999115,EMPRESA DE TELECOMUNICACIONES DE BOGOTA S.A. ESP,"96396769308,33",697
2019,4,900092385,UNE EPM TELECOMUNICACIONES S.A.,125509510339,698
2019,4,900292948,UNIMOS EMPRESA MINICIPAL DE TELECOMUNICACIONES DE IPIALES S.A. E.S.P.,236199463,699
2019,4,900650791,ARIA TEL SAS E S P,184159993,700
2019,4,901246743,PHONIX NETWORK S.A.S.,353000,701
2020,1,800135729,ERT SA ESP,681065351,702
2020,1,800153993,COMUNICACION CELULAR S A COMCEL S A,178894996384,703
2020,1,800229393,METROTEL S.A,5061346509,704
2020,1,805030753,IPSOFACTUM S.A.S.,133319,705
2020,1,819002701,EMPRESA DE TELECOMUNICACIONES DE LA COSTA - COSTATEL S.A ESP,63724646,706
2020,1,830016046,AVANTEL S.A.S,6780003,707
2020,1,830106715,SISTEMAS SATELITALES DE COLOMBIA S.A  ESP,127000061,708
2020,1,830122566,COLOMBIA TELECOMUNICACIONES S.A. E.S.P.,67512775739,709
2020,1,890201210,EMPRESA DE TELECOMUNICACIONES DE BUCARAMANGA S.A. E.S.P.,"8125758738,65",710
2020,1,890399003,EMPRESAS MUNICIPALES DE CALI EICE E.S.P,"10425102878,55",711
2020,1,890905065,EDATEL S.A.,8520875302,712
2020,1,891502163,EMPRESA DE TELECOMUNICACIONES DE POPAYAN S.A EMTEL E.S.P,642610818,713
2020,1,899999115,EMPRESA DE TELECOMUNICACIONES DE BOGOTA S.A. ESP,"97084350910,88",714
2020,1,900092385,UNE EPM TELECOMUNICACIONES S.A.,122701541392,715
2020,1,900292948,UNIMOS EMPRESA MINICIPAL DE TELECOMUNICACIONES DE IPIALES S.A. E.S.P.,225253536,716
2020,1,900650791,ARIA TEL SAS E S P,115060380,717
2020,1,901246743,PHONIX NETWORK S.A.S.,"688683,47",718
2020,2,800135729,ERT SA ESP,710383607,719
2020,2,800153993,COMUNICACION CELULAR S A COMCEL S A,181151739453,720
2020,2,800229393,METROTEL S.A,3187103931,721
2020,2,805030753,IPSOFACTUM S.A.S.,72779,722
2020,2,819002701,EMPRESA DE TELECOMUNICACIONES DE LA COSTA - COSTATEL S.A ESP,62035545,723
2020,2,830016046,AVANTEL S.A.S,3996182,724
2020,2,830106715,SISTEMAS SATELITALES DE COLOMBIA S.A  ESP,"151651016,01",725
2020,2,830122566,COLOMBIA TELECOMUNICACIONES S.A. E.S.P.,60422439695,726
2020,2,890201210,EMPRESA DE TELECOMUNICACIONES DE BUCARAMANGA S.A. E.S.P.,"3651479483,84",727
2020,2,890399003,EMPRESAS MUNICIPALES DE CALI EICE E.S.P,"9229507118,3",728
2020,2,890905065,EDATEL S.A.,7591706339,729
2020,2,891502163,EMPRESA DE TELECOMUNICACIONES DE POPAYAN S.A EMTEL E.S.P,609722618,730
2020,2,899999115,EMPRESA DE TELECOMUNICACIONES DE BOGOTA S.A. ESP,"94018633723,71",731
2020,2,900092385,UNE EPM TELECOMUNICACIONES S.A.,110875278384,732
2020,2,900292948,UNIMOS EMPRESA MINICIPAL DE TELECOMUNICACIONES DE IPIALES S.A. E.S.P.,262744052,733
2020,2,900650791,ARIA TEL SAS E S P,313157154,734
2020,2,901246743,PHONIX NETWORK S.A.S.,1666008,735
2020,3,800135729,ERT SA ESP,874462504,736
2020,3,800153993,COMUNICACION CELULAR S A COMCEL S A,182079262796,737
2020,3,805030753,IPSOFACTUM S.A.S.,57524,738
2020,3,819002701,EMPRESA DE TELECOMUNICACIONES DE LA COSTA - COSTATEL S.A ESP,56443832,739
2020,3,830016046,AVANTEL S.A.S,4481037,740
2020,3,830106715,SISTEMAS SATELITALES DE COLOMBIA S.A  ESP,186691230,741
2020,3,830122566,COLOMBIA TELECOMUNICACIONES S.A. E.S.P.,50487662857,742
2020,3,890399003,EMPRESAS MUNICIPALES DE CALI EICE E.S.P,"9165452029,07",743
2020,3,890905065,EDATEL S.A.,6800724550,744
2020,3,891502163,EMPRESA DE TELECOMUNICACIONES DE POPAYAN S.A EMTEL E.S.P,581331586,745
2020,3,899999115,EMPRESA DE TELECOMUNICACIONES DE BOGOTA S.A. ESP,94099186251,746
2020,3,900092385,UNE EPM TELECOMUNICACIONES S.A.,103447569988,747
2020,3,900292948,UNIMOS EMPRESA MINICIPAL DE TELECOMUNICACIONES DE IPIALES S.A. E.S.P.,248538125,748
2020,3,900650791,ARIA TEL SAS E S P,186225116,749
2020,3,901246743,PHONIX NETWORK S.A.S.,2008000,750
2020,4,800135729,ERT SA ESP,717262999,751
2020,4,800153993,COMUNICACION CELULAR S A COMCEL S A,185604595937,752
2020,4,805030753,IPSOFACTUM S.A.S.,43517,753
2020,4,819002701,EMPRESA DE TELECOMUNICACIONES DE LA COSTA - COSTATEL S.A ESP,56407832,754
2020,4,830016046,AVANTEL S.A.S,4269273,755
2020,4,830106715,SISTEMAS SATELITALES DE COLOMBIA S.A  ESP,203730162,756
2020,4,830122566,COLOMBIA TELECOMUNICACIONES S.A. E.S.P.,47736753133,757
2020,4,890399003,EMPRESAS MUNICIPALES DE CALI EICE E.S.P,"8766410664,56",758
2020,4,890905065,EDATEL S.A.,6363297430,759
2020,4,891502163,EMPRESA DE TELECOMUNICACIONES DE POPAYAN S.A EMTEL E.S.P,482104663,760
2020,4,899999115,EMPRESA DE TELECOMUNICACIONES DE BOGOTA S.A. ESP,93645446720,761
2020,4,900092385,UNE EPM TELECOMUNICACIONES S.A.,97472536236,762
2020,4,900292948,UNIMOS EMPRESA MINICIPAL DE TELECOMUNICACIONES DE IPIALES S.A. E.S.P.,222137043,763
2020,4,900650791,ARIA TEL SAS E S P,"229327117,32",764
2020,4,901246743,PHONIX NETWORK S.A.S.,1317000,765
2021,1,800135729,ERT SA ESP,718932065,766
2021,1,800153993,COMUNICACION CELULAR S A COMCEL S A,189117846458,767
2021,1,805030753,IPSOFACTUM S.A.S.,43517,768
2021,1,819002701,EMPRESA DE TELECOMUNICACIONES DE LA COSTA - COSTATEL S.A ESP,"52503817,55",769
2021,1,830016046,AVANTEL S.A.S,50000,770
2021,1,830106715,SISTEMAS SATELITALES DE COLOMBIA S.A  ESP,192573361,771
2021,1,830122566,COLOMBIA TELECOMUNICACIONES S.A. E.S.P.,50792356254,772
2021,1,890399003,EMPRESAS MUNICIPALES DE CALI EICE E.S.P,8771167567,773
2021,1,890905065,EDATEL S.A.,6169678458,774
2021,1,891502163,EMPRESA DE TELECOMUNICACIONES DE POPAYAN S.A EMTEL E.S.P,445724841,775
2021,1,899999115,EMPRESA DE TELECOMUNICACIONES DE BOGOTA S.A. ESP,93611490654,776
2021,1,900092385,UNE EPM TELECOMUNICACIONES S.A.,95220838662,777
2021,1,900292948,UNIMOS EMPRESA MINICIPAL DE TELECOMUNICACIONES DE IPIALES S.A. E.S.P.,195927339,778
2021,1,900650791,ARIA TEL SAS E S P,227772289,779
2021,1,901246743,PHONIX NETWORK S.A.S.,1260000,780
2021,2,800135729,ERT SA ESP,679308848,781
2021,2,800153993,COMUNICACION CELULAR S A COMCEL S A,193235601294,782
2021,2,805030753,IPSOFACTUM S.A.S.,43517,783
2021,2,819002701,EMPRESA DE TELECOMUNICACIONES DE LA COSTA - COSTATEL S.A ESP,"54240540,34",784
2021,2,830016046,AVANTEL S.A.S,0,785
2021,2,830106715,SISTEMAS SATELITALES DE COLOMBIA S.A  ESP,"286471668,11",786
2021,2,830122566,COLOMBIA TELECOMUNICACIONES S.A. E.S.P.,48047134626,787
2021,2,890399003,EMPRESAS MUNICIPALES DE CALI EICE E.S.P,"8575240551,66",788
2021,2,890905065,EDATEL S.A.,5807605505,789
2021,2,891502163,EMPRESA DE TELECOMUNICACIONES DE POPAYAN S.A EMTEL E.S.P,916127760,790
2021,2,899999115,EMPRESA DE TELECOMUNICACIONES DE BOGOTA S.A. ESP,94747379269,791
2021,2,900092385,UNE EPM TELECOMUNICACIONES S.A.,89181584828,792
2021,2,900292948,UNIMOS EMPRESA MINICIPAL DE TELECOMUNICACIONES DE IPIALES S.A. E.S.P.,197195319,793
2021,2,900650791,ARIA TEL SAS E S P,189078698,794
2021,2,901246743,PHONIX NETWORK S.A.S.,1290000,795
2021,2,901354361,PARTNERS TELECOM COLOMBIA SAS,0,796
2021,3,800135729,ERT SA ESP,1692439491,797
2021,3,800153993,COMUNICACION CELULAR S A COMCEL S A,195204293215,798
2021,3,805030753,IPSOFACTUM S.A.S.,35421,799
2021,3,819002701,EMPRESA DE TELECOMUNICACIONES DE LA COSTA - COSTATEL S.A ESP,"51930401,31",800
2021,3,830016046,AVANTEL S.A.S,0,801
2021,3,830106715,SISTEMAS SATELITALES DE COLOMBIA S.A  ESP,296523953,802
2021,3,830122566,COLOMBIA TELECOMUNICACIONES S.A. E.S.P.,"48409673488,72",803
2021,3,890399003,EMPRESAS MUNICIPALES DE CALI EICE E.S.P,8203825394,804
2021,3,890905065,EDATEL S.A.,5230314532,805
2021,3,891502163,EMPRESA DE TELECOMUNICACIONES DE POPAYAN S.A EMTEL E.S.P,407905076,806
2021,3,899999115,EMPRESA DE TELECOMUNICACIONES DE BOGOTA S.A. ESP,89066571657,807
2021,3,900092385,UNE EPM TELECOMUNICACIONES S.A.,82812650454,808
2021,3,900292948,UNIMOS EMPRESA MINICIPAL DE TELECOMUNICACIONES DE IPIALES S.A. E.S.P.,193431252,809
2021,3,900650791,ARIA TEL SAS E S P,173576843,810
2021,3,901246743,PHONIX NETWORK S.A.S.,1470000,811
2021,3,901333616,TPE COMUNICACIONES COLOMBIA SAS,2932344,812
2021,3,901354361,PARTNERS TELECOM COLOMBIA SAS,0,813
2021,4,800135729,ERT SA ESP,604865775,814
2021,4,800153993,COMUNICACION CELULAR S A COMCEL S A,195546826595,815
2021,4,805030753,IPSOFACTUM S.A.S.,17204,816
2021,4,819002701,EMPRESA DE TELECOMUNICACIONES DE LA COSTA - COSTATEL S.A ESP,48194340,817
2021,4,830016046,AVANTEL S.A.S,0,818
2021,4,830106715,SISTEMAS SATELITALES DE COLOMBIA S.A  ESP,290959119,819
2021,4,830122566,COLOMBIA TELECOMUNICACIONES S.A. E.S.P.,"50342703786,65",820
2021,4,890399003,EMPRESAS MUNICIPALES DE CALI EICE E.S.P,8334884630,821
2021,4,890905065,EDATEL S.A.,5086874210,822
2021,4,891502163,EMPRESA DE TELECOMUNICACIONES DE POPAYAN S.A EMTEL E.S.P,347032188,823
2021,4,899999115,EMPRESA DE TELECOMUNICACIONES DE BOGOTA S.A. ESP,"89536195073,02",824
2021,4,900092385,UNE EPM TELECOMUNICACIONES S.A.,77217487763,825
2021,4,900292948,UNIMOS EMPRESA MINICIPAL DE TELECOMUNICACIONES DE IPIALES S.A. E.S.P.,187895420,826
2021,4,900650791,ARIA TEL SAS E S P,180312316,827
2021,4,901333616,TPE COMUNICACIONES COLOMBIA SAS,16794244,828
2021,4,901354361,PARTNERS TELECOM COLOMBIA SAS,0,829
2022,1,800135729,ERT SA ESP,711180332,830
2022,1,800153993,COMUNICACION CELULAR S A COMCEL S A,198364648248,831
2022,1,819002701,EMPRESA DE TELECOMUNICACIONES DE LA COSTA - COSTATEL S.A ESP,48516081,832
2022,1,830016046,AVANTEL S.A.S,0,833
2022,1,830106715,SISTEMAS SATELITALES DE COLOMBIA S.A  ESP,352216383,834
2022,1,830122566,COLOMBIA TELECOMUNICACIONES S.A. E.S.P.,34895050122,835
2022,1,890399003,EMPRESAS MUNICIPALES DE CALI EICE E.S.P,9114908102,836
2022,1,890905065,EDATEL S.A.,4890709079,837
2022,1,891502163,EMPRESA DE TELECOMUNICACIONES DE POPAYAN S.A EMTEL E.S.P,291154487,838
2022,1,899999115,EMPRESA DE TELECOMUNICACIONES DE BOGOTA S.A. ESP,88173830909,839
2022,1,900092385,UNE EPM TELECOMUNICACIONES S.A.,74886071496,840
2022,1,900292948,UNIMOS EMPRESA MINICIPAL DE TELECOMUNICACIONES DE IPIALES S.A. E.S.P.,186932390,841
2022,1,901169857,NODO PACIFICO S.A.S E.S.P,0,842
2022,1,901354361,PARTNERS TELECOM COLOMBIA SAS,0,843
